name,description,label
x_primary_key,Unique record ID.,
x_created_by,Person who created the record.,
x_created_timestamp,Timestamp when the record was created.,
x_modified_by,Person who modified the record.,
x_modified_timestamp,Timestamp when the record was modified.,
x_record_status,Status of the record as determined by research team.,
x_error_message,Error message entered by research team.,
medstar_id,Unique record number in MedStar System.,
name_full,Full name of older individual.,Full name
neglect_go,"SR_1a. Do you need someone to help you get to the places you need to go, for example do you need someone to drive you to the grocery store, a place of worship, the doctor?",Need transportation help
neglect_go_2cat,"SR_1a. Do you need someone to help you get to the places you need to go, for example do you need someone to drive you to the grocery store, a place of worship, the doctor?",Need transportation help
neglect_go_2cat_f,"SR_1a. Do you need someone to help you get to the places you need to go, for example do you need someone to drive you to the grocery store, a place of worship, the doctor?",Need transportation help
neglect_go_help,SR_1b. Do you have someone who helps with this?,Have transportation help
neglect_go_help_3cat,SR_1b. Do you have someone who helps with this?,Have transportation help
neglect_go_help_3cat_f,SR_1b. Do you have someone who helps with this?,Have transportation help
neglect_go_reliable,SR_1c. How reliable would you say (that person/these people) is/are? Would you say they are… (READ LIST),Transportation help reliability
neglect_go_reliable_4cat,SR_1c. How reliable would you say (that person/these people) is/are? Would you say they are… (READ LIST),Transportation help reliability
neglect_go_reliable_4cat_f,SR_1c. How reliable would you say (that person/these people) is/are? Would you say they are… (READ LIST),Transportation help reliability
neglect_food,"SR_2a. Do you need someone to make sure you have enough food, medicines or any other things you need in your house?",Need food/ medicine help
neglect_food_2cat,"SR_2a. Do you need someone to make sure you have enough food, medicines or any other things you need in your house?",Need food/ medicine help
neglect_food_2cat_f,"SR_2a. Do you need someone to make sure you have enough food, medicines or any other things you need in your house?",Need food/ medicine help
neglect_food_help,SR_2b. Do you have someone who helps with this?,Have food/ medicine help
neglect_food_help_3cat,SR_2b. Do you have someone who helps with this?,Have food/ medicine help
neglect_food_help_3cat_f,SR_2b. Do you have someone who helps with this?,Have food/ medicine help
neglect_food_reliable,SR_2c. How reliable would you say (that person/these people) is/are? Would you say they are… (READ LIST),Food/ medicine help reliability
neglect_food_reliable_4cat,SR_2c. How reliable would you say (that person/these people) is/are? Would you say they are… (READ LIST),Food/ medicine help reliability
neglect_food_reliable_4cat_f,SR_2c. How reliable would you say (that person/these people) is/are? Would you say they are… (READ LIST),Food/ medicine help reliability
neglect_house,"SR_3a. Do you need someone to help you with household things, like cooking meals, helping you eat, or making sure you take the correct medicines each day?",Need household activities help
neglect_house_2cat,"SR_3a. Do you need someone to help you with household things, like cooking meals, helping you eat, or making sure you take the correct medicines each day?",Need household activities help
neglect_house_2cat_f,"SR_3a. Do you need someone to help you with household things, like cooking meals, helping you eat, or making sure you take the correct medicines each day?",Need household activities help
neglect_house_help,SR_3b. Do you have someone who helps with this?,Have household activities help
neglect_house_help_3cat,SR_3b. Do you have someone who helps with this?,Have household activities help
neglect_house_help_3cat_f,SR_3b. Do you have someone who helps with this?,Have household activities help
neglect_house_reliable,SR_3c. How reliable would you say (that person/these people) is/are? Would you say they are… (READ LIST),Household activities help reliability
neglect_house_reliable_4cat,SR_3c. How reliable would you say (that person/these people) is/are? Would you say they are… (READ LIST),Household activities help reliability
neglect_house_reliable_4cat_f,SR_3c. How reliable would you say (that person/these people) is/are? Would you say they are… (READ LIST),Household activities help reliability
neglect_clean,SR_4a. Do you need someone to help you with house cleaning or yard work?,Need house cleaning/ yard work help
neglect_clean_2cat,SR_4a. Do you need someone to help you with house cleaning or yard work?,Need house cleaning/ yard work help
neglect_clean_2cat_f,SR_4a. Do you need someone to help you with house cleaning or yard work?,Need house cleaning/ yard work help
neglect_clean_help,SR_4b. Do you have someone who helps with this?,Have house cleaning/ yard work help
neglect_clean_help_3cat,SR_4b. Do you have someone who helps with this?,Have house cleaning/ yard work help
neglect_clean_help_3cat_f,SR_4b. Do you have someone who helps with this?,Have house cleaning/ yard work help
neglect_clean_reliable,SR_4c. How reliable would you say (that person/these people) is/are? Would you say they are… (READ LIST),House cleaning/ yard work help reliability
neglect_clean_reliable_4cat,SR_4c. How reliable would you say (that person/these people) is/are? Would you say they are… (READ LIST),House cleaning/ yard work help reliability
neglect_clean_reliable_4cat_f,SR_4c. How reliable would you say (that person/these people) is/are? Would you say they are… (READ LIST),House cleaning/ yard work help reliability
neglect_ready,"SR_5a. Do you need someone to help you get out of bed, get showered, or get dressed?",
neglect_ready_2cat,"SR_5a. Do you need someone to help you get out of bed, get showered, or get dressed?",
neglect_ready_2cat_f,"SR_5a. Do you need someone to help you get out of bed, get showered, or get dressed?",
neglect_ready_help,SR_5b. Do you have someone who helps with this?,
neglect_ready_help_3cat,SR_5b. Do you have someone who helps with this?,
neglect_ready_help_3cat_f,SR_5b. Do you have someone who helps with this?,
neglect_ready_reliable,SR_5c. How reliable would you say (that person/these people) is/are? Would you say they are… (READ LIST),
neglect_ready_reliable_4cat,SR_5c. How reliable would you say (that person/these people) is/are? Would you say they are… (READ LIST),
neglect_ready_reliable_4cat_f,SR_5c. How reliable would you say (that person/these people) is/are? Would you say they are… (READ LIST),
neglect_bills,SR_6a. Do you need someone to make sure your bills get paid?,
neglect_bills_2cat,SR_6a. Do you need someone to make sure your bills get paid?,
neglect_bills_2cat_f,SR_6a. Do you need someone to make sure your bills get paid?,
neglect_bills_help,SR_6b. Do you have someone who helps with this?,
neglect_bills_help_3cat,SR_6b. Do you have someone who helps with this?,
neglect_bills_help_3cat_f,SR_6b. Do you have someone who helps with this?,
neglect_bills_reliable,SR_6c. How reliable would you say (that person/these people) is/are? Would you say they are… (READ LIST),
neglect_bills_reliable_4cat,SR_6c. How reliable would you say (that person/these people) is/are? Would you say they are… (READ LIST),
neglect_bills_reliable_4cat_f,SR_6c. How reliable would you say (that person/these people) is/are? Would you say they are… (READ LIST),
neglect_person,"SR_7. Considering all the things that we just talked about, who is the person who is supposed to help you with these things most of the time? (MULTIPLE RECORD)",
neglect_person_spouse,"Dummy variable derived from neglect_person for value of 'A spouse or partner' as response to the question - SR_7. Considering all the things that we just talked about, who is the person who is supposed to help you with these things most of the time? (MULTIPLE RECORD)",
neglect_person_ex_partner,"Dummy variable derived from neglect_person for value of 'An ex spouse or partner' as response to the question - SR_7. Considering all the things that we just talked about, who is the person who is supposed to help you with these things most of the time? (MULTIPLE RECORD)",
neglect_person_parent,"Dummy variable derived from neglect_person for value of 'A parent or step-parent' as response to the question - SR_7. Considering all the things that we just talked about, who is the person who is supposed to help you with these things most of the time? (MULTIPLE RECORD)",
neglect_person_sibling,"Dummy variable derived from neglect_person for value of 'A brother or sister' as response to the question - SR_7. Considering all the things that we just talked about, who is the person who is supposed to help you with these things most of the time? (MULTIPLE RECORD)",
neglect_person_child,"Dummy variable derived from neglect_person for value of 'A son or daughter' as response to the question - SR_7. Considering all the things that we just talked about, who is the person who is supposed to help you with these things most of the time? (MULTIPLE RECORD)",
neglect_person_other_relative,"Dummy variable derived from neglect_person for value of 'Another relative' as response to the question - SR_7. Considering all the things that we just talked about, who is the person who is supposed to help you with these things most of the time? (MULTIPLE RECORD)",
neglect_person_coworker,"Dummy variable derived from neglect_person for value of 'A coworker' as response to the question - SR_7. Considering all the things that we just talked about, who is the person who is supposed to help you with these things most of the time? (MULTIPLE RECORD)",
neglect_person_neighbor,"Dummy variable derived from neglect_person for value of 'A neighbor' as response to the question - SR_7. Considering all the things that we just talked about, who is the person who is supposed to help you with these things most of the time? (MULTIPLE RECORD)",
neglect_person_friend,"Dummy variable derived from neglect_person for value of 'A friend' as response to the question - SR_7. Considering all the things that we just talked about, who is the person who is supposed to help you with these things most of the time? (MULTIPLE RECORD)",
neglect_person_non_relative,"Dummy variable derived from neglect_person for value of 'Some other non-relative' as response to the question - SR_7. Considering all the things that we just talked about, who is the person who is supposed to help you with these things most of the time? (MULTIPLE RECORD)",
neglect_person_dont_know,"Dummy variable derived from neglect_person for value of 'Don't know' as response to the question - SR_7. Considering all the things that we just talked about, who is the person who is supposed to help you with these things most of the time? (MULTIPLE RECORD)",
neglect_person_refused,"Dummy variable derived from neglect_person for value of 'Refused' as response to the question - SR_7. Considering all the things that we just talked about, who is the person who is supposed to help you with these things most of the time? (MULTIPLE RECORD)",
finance_help,"SR_8. Is there someone who helps you take care of your finances, or is there someone other than yourself who makes decisions about your money and your property, either with or without your approval?",
finance_help_2cat,"SR_8. Is there someone who helps you take care of your finances, or is there someone other than yourself who makes decisions about your money and your property, either with or without your approval?",
finance_help_2cat_f,"SR_8. Is there someone who helps you take care of your finances, or is there someone other than yourself who makes decisions about your money and your property, either with or without your approval?",
finance_person,SR_9. What is that person’s relationship to you? (MULTIPLE RECORD),
finance_person_spouse,Dummy variable derived from finance_person for value of 'A spouse or partner' as response to the question - SR_9. What is that person’s relationship to you? (MULTIPLE RECORD),
finance_person_ex_partner,Dummy variable derived from finance_person for value of 'An ex spouse or partner' as response to the question - SR_9. What is that person’s relationship to you? (MULTIPLE RECORD),
finance_person_parent,Dummy variable derived from finance_person for value of 'A parent or step-parent' as response to the question - SR_9. What is that person’s relationship to you? (MULTIPLE RECORD),
finance_person_sibling,Dummy variable derived from finance_person for value of 'A brother or sister' as response to the question - SR_9. What is that person’s relationship to you? (MULTIPLE RECORD),
finance_person_child,Dummy variable derived from finance_person for value of 'A son or daughter' as response to the question - SR_9. What is that person’s relationship to you? (MULTIPLE RECORD),
finance_person_other_relative,Dummy variable derived from finance_person for value of 'Another relative' as response to the question - SR_9. What is that person’s relationship to you? (MULTIPLE RECORD),
finance_person_coworker,Dummy variable derived from finance_person for value of 'A coworker' as response to the question - SR_9. What is that person’s relationship to you? (MULTIPLE RECORD),
finance_person_neighbor,Dummy variable derived from finance_person for value of 'A neighbor' as response to the question - SR_9. What is that person’s relationship to you? (MULTIPLE RECORD),
finance_person_friend,Dummy variable derived from finance_person for value of 'A friend' as response to the question - SR_9. What is that person’s relationship to you? (MULTIPLE RECORD),
finance_person_non_relative,Dummy variable derived from finance_person for value of 'Some other non-relative' as response to the question - SR_9. What is that person’s relationship to you? (MULTIPLE RECORD),
finance_person_dont_know,Dummy variable derived from finance_person for value of 'Don't know' as response to the question - SR_9. What is that person’s relationship to you? (MULTIPLE RECORD),
finance_person_refused,Dummy variable derived from finance_person for value of 'Refused' as response to the question - SR_9. What is that person’s relationship to you? (MULTIPLE RECORD),
finance_person_permission,SR_10. Does that person usually ask for your permission before deciding to spend your money or sell your property?,
finance_person_permission_2cat,SR_10. Does that person usually ask for your permission before deciding to spend your money or sell your property?,
finance_person_permission_2cat_f,SR_10. Does that person usually ask for your permission before deciding to spend your money or sell your property?,
finance_person_decisions,SR_11. Do you feel like that person usually makes good decisions about your finances?,
finance_person_decisions_2cat,SR_11. Do you feel like that person usually makes good decisions about your finances?,
finance_person_decisions_2cat_f,SR_11. Do you feel like that person usually makes good decisions about your finances?,
finance_copies,SR_12. Do you have the copies of paperwork for the financial decisions they make or can you get copies if you wanted them?,
finance_copies_2cat,SR_12. Do you have the copies of paperwork for the financial decisions they make or can you get copies if you wanted them?,
finance_copies_2cat_f,SR_12. Do you have the copies of paperwork for the financial decisions they make or can you get copies if you wanted them?,
finance_person_forged,SR_13. Has that person ever forged your signature without your permission in order to sell your property or to get money from your accounts?,
finance_person_forged_2cat,SR_13. Has that person ever forged your signature without your permission in order to sell your property or to get money from your accounts?,
finance_person_forged_2cat_f,SR_13. Has that person ever forged your signature without your permission in order to sell your property or to get money from your accounts?,
finance_person_tricked,SR_14. Has that person ever forced or tricked you into signing a document so that they would be able to get some of your money or possessions?,
finance_person_tricked_2cat,SR_14. Has that person ever forced or tricked you into signing a document so that they would be able to get some of your money or possessions?,
finance_person_tricked_2cat_f,SR_14. Has that person ever forced or tricked you into signing a document so that they would be able to get some of your money or possessions?,
finance_person_stolen,"SR_15. Has that person, or anyone else you are close to, ever stolen your money or take your things for themselves, their friends, or to sell?",
finance_person_stolen_2cat,"SR_15. Has that person, or anyone else you are close to, ever stolen your money or take your things for themselves, their friends, or to sell?",
finance_person_stolen_2cat_f,"SR_15. Has that person, or anyone else you are close to, ever stolen your money or take your things for themselves, their friends, or to sell?",
finance_stranger_permission,SR_16. Has a stranger ever spent your money or sold your property without your permission?,
finance_stranger_permission_2cat,SR_16. Has a stranger ever spent your money or sold your property without your permission?,
finance_stranger_permission_2cat_f,SR_16. Has a stranger ever spent your money or sold your property without your permission?,
finance_stranger_forged,SR_17. Has a stranger ever forged your signature in order to get some of your money or sell your property?,
finance_stranger_forged_2cat,SR_17. Has a stranger ever forged your signature in order to get some of your money or sell your property?,
finance_stranger_forged_2cat_f,SR_17. Has a stranger ever forged your signature in order to get some of your money or sell your property?,
finance_stranger_tricked,SR_18. Has a stranger ever forced or tricked you into signing a document so that they would be able to get some of your money or possessions?,
finance_stranger_tricked_2cat,SR_18. Has a stranger ever forced or tricked you into signing a document so that they would be able to get some of your money or possessions?,
finance_stranger_tricked_2cat_f,SR_18. Has a stranger ever forced or tricked you into signing a document so that they would be able to get some of your money or possessions?,
emotional_yelled,"SR_19a. Has anyone ever verbally attacked, scolded, or yelled at you so that you felt afraid for your safety, threatened or intimidated?",
emotional_yelled_2cat,"SR_19a. Has anyone ever verbally attacked, scolded, or yelled at you so that you felt afraid for your safety, threatened or intimidated?",
emotional_yelled_2cat_f,"SR_19a. Has anyone ever verbally attacked, scolded, or yelled at you so that you felt afraid for your safety, threatened or intimidated?",
emotional_yelled_times,SR_19b. About how many times has this happened to you in your lifetime?,
emotional_yelled_times_5cat,SR_19b. About how many times has this happened to you in your lifetime?,
emotional_yelled_times_5cat_f,SR_19b. About how many times has this happened to you in your lifetime?,
emotional_yelled_age,How old were you when this happened (most recently)? (Question from earlier version of the follow-up interview.),
emotional_embarrassed,"SR_20a. Has anyone ever made you feel humiliated or embarrassed by calling you names such as stupid, or telling you that you or your opinion was worthless?",
emotional_embarrassed_2cat,"SR_20a. Has anyone ever made you feel humiliated or embarrassed by calling you names such as stupid, or telling you that you or your opinion was worthless?",
emotional_embarrassed_2cat_f,"SR_20a. Has anyone ever made you feel humiliated or embarrassed by calling you names such as stupid, or telling you that you or your opinion was worthless?",
emotional_embarrassed_times,SR_20b. About how many times has this happened to you in your lifetime?,
emotional_embarrassed_times_5cat,SR_20b. About how many times has this happened to you in your lifetime?,
emotional_embarrassed_times_5cat_f,SR_20b. About how many times has this happened to you in your lifetime?,
emotional_embarrassed_age,How old were you when this happened (most recently)? (Question from earlier version of the follow-up interview.),
emotional_harassed,SR_21a. Has anyone ever forcefully or repeatedly asked you to do something so much that you felt harassed or coerced into doing something against your will?,
emotional_harassed_2cat,SR_21a. Has anyone ever forcefully or repeatedly asked you to do something so much that you felt harassed or coerced into doing something against your will?,
emotional_harassed_2cat_f,SR_21a. Has anyone ever forcefully or repeatedly asked you to do something so much that you felt harassed or coerced into doing something against your will?,
emotional_harassed_times,SR_21b. About how many times has this happened to you in your lifetime?,
emotional_harassed_times_5cat,SR_21b. About how many times has this happened to you in your lifetime?,
emotional_harassed_times_5cat_f,SR_21b. About how many times has this happened to you in your lifetime?,
emotional_harassed_age,How old were you when this happened (most recently)? (Question from earlier version of the follow-up interview.),
emotional_refused,"SR_22a. Has anyone close to you ever completely refused to talk to you or ignored you for days at a time, even when you wanted to talk to them?",
emotional_refused_2cat,"SR_22a. Has anyone close to you ever completely refused to talk to you or ignored you for days at a time, even when you wanted to talk to them?",
emotional_refused_2cat_f,"SR_22a. Has anyone close to you ever completely refused to talk to you or ignored you for days at a time, even when you wanted to talk to them?",
emotional_refused_times,SR_22b. About how many times has this happened to you in your lifetime?,
emotional_refused_times_5cat,SR_22b. About how many times has this happened to you in your lifetime?,
emotional_refused_times_5cat_f,SR_22b. About how many times has this happened to you in your lifetime?,
emotional_refused_age,How old were you when this happened (most recently)? (Question from earlier version of the follow-up interview.),
emotional_incident_reported,"Thinking about the most recent incident where someone emotionally or verbally mistreated you, was this incident reported to the police or other authorities? (Question used in older version of the follow-up interview until 06/18/2020.)",
emotional_incident_reported_2cat,"Thinking about the most recent incident where someone emotionally or verbally mistreated you, was this incident reported to the police or other authorities? (Question used in older version of the follow-up interview until 06/18/2020.)",
emotional_incident_reported_2cat_f,"Thinking about the most recent incident where someone emotionally or verbally mistreated you, was this incident reported to the police or other authorities? (Question used in older version of the follow-up interview until 06/18/2020.)",
emotional_incident_person,What was that person's (those persons') relationship to you (MULTIPLE RECORD)? (Question used in older version of the follow-up interview until 06/17/20.),
emotional_person_spouse,Dummy variable derived from emotional_incident_person for value of 'A spouse or partner' as response to the question -  What was that person's (those persons') relationship to you (MULTIPLE RECORD)? (Question used in older version of the follow-up interview until 06/17/20.),
emotional_person_ex_partner,Dummy variable derived from emotional_incident_person for value of 'An ex spouse or partner' as response to the question -  What was that person's (those persons') relationship to you (MULTIPLE RECORD)? (Question used in older version of the follow-up interview until 06/17/20.),
emotional_person_parent,Dummy variable derived from emotional_incident_person for value of 'A parent or step-parent' as response to the question -  What was that person's (those persons') relationship to you (MULTIPLE RECORD)? (Question used in older version of the follow-up interview until 06/17/20.),
emotional_person_sibling,Dummy variable derived from emotional_incident_person for value of 'A brother or sister' as response to the question -  What was that person's (those persons') relationship to you (MULTIPLE RECORD)? (Question used in older version of the follow-up interview until 06/17/20.),
emotional_person_child,Dummy variable derived from emotional_incident_person for value of 'A son or daughter' as response to the question -  What was that person's (those persons') relationship to you (MULTIPLE RECORD)? (Question used in older version of the follow-up interview until 06/17/20.),
emotional_person_other_relative,Dummy variable derived from emotional_incident_person for value of 'Another relative' as response to the question -  What was that person's (those persons') relationship to you (MULTIPLE RECORD)? (Question used in older version of the follow-up interview until 06/17/20.),
emotional_person_coworker,Dummy variable derived from emotional_incident_person for value of 'A coworker' as response to the question -  What was that person's (those persons') relationship to you (MULTIPLE RECORD)? (Question used in older version of the follow-up interview until 06/17/20.),
emotional_person_neighbor,Dummy variable derived from emotional_incident_person for value of 'A neighbor' as response to the question -  What was that person's (those persons') relationship to you (MULTIPLE RECORD)? (Question used in older version of the follow-up interview until 06/17/20.),
emotional_person_friend,Dummy variable derived from emotional_incident_person for value of 'A friend' as response to the question -  What was that person's (those persons') relationship to you (MULTIPLE RECORD)? (Question used in older version of the follow-up interview until 06/17/20.),
emotional_person_non_relative,Dummy variable derived from emotional_incident_person for value of 'Some other non-relative' as response to the question -  What was that person's (those persons') relationship to you (MULTIPLE RECORD)? (Question used in older version of the follow-up interview until 06/17/20.),
emotional_person_dont_know,Dummy variable derived from emotional_incident_person for value of 'Don't know' as response to the question -  What was that person's (those persons') relationship to you (MULTIPLE RECORD)? (Question used in older version of the follow-up interview until 06/17/20.),
emotional_person_refused,Dummy variable derived from emotional_incident_person for value of 'Refused' as response to the question -  What was that person's (those persons') relationship to you (MULTIPLE RECORD)? (Question used in older version of the follow-up interview until 06/17/20.),
emotional_person_live,"Did that person live with you at the time of the incident, or does (he/she) live with you now? (Question used in older version of the follow-up interview.)",
emotional_person_live_2cat,"Did that person live with you at the time of the incident, or does (he/she) live with you now? (Question used in older version of the follow-up interview until 06/18/2020.)",
emotional_person_live_2cat_f,"Did that person live with you at the time of the incident, or does (he/she) live with you now? (Question used in older version of the follow-up interview.)",
emotional_person_alcohol,SR_27. Did that person have a problem with alcohol or drugs when these things happened?,
emotional_person_alcohol_2cat,SR_27. Did that person have a problem with alcohol or drugs when these things happened?,
emotional_person_alcohol_2cat_f,SR_27. Did that person have a problem with alcohol or drugs when these things happened?,
emotional_person_counseling,SR_28. Has that person ever received inpatient or outpatient counseling for emotional problems?,
emotional_person_counseling_2cat,SR_28. Has that person ever received inpatient or outpatient counseling for emotional problems?,
emotional_person_counseling_2cat_f,SR_28. Has that person ever received inpatient or outpatient counseling for emotional problems?,
emotional_person_police,SR_29. Has that person ever been in trouble with the police?,
emotional_person_police_2cat,SR_29. Has that person ever been in trouble with the police?,
emotional_person_police_2cat_f,SR_29. Has that person ever been in trouble with the police?,
emotional_person_job,SR_30. Did that person have a job at the time when these things happened?,
emotional_person_job_2cat,SR_30. Did that person have a job at the time when these things happened?,
emotional_person_job_2cat_f,SR_30. Did that person have a job at the time when these things happened?,
emotional_person_friends,SR_31. How many friends did that person have at the time when these things happened? Would you say…,
emotional_person_friends_4cat,SR_31. How many friends did that person have at the time when these things happened? Would you say…,
emotional_person_friends_4cat_f,SR_31. How many friends did that person have at the time when these things happened? Would you say…,
emotional_person_help,"SR_32. Did that person ever help you out with any day to day things, like shopping, taking medicines, driving you places, getting dressed, and that type of thing?",
emotional_person_help_2cat,"SR_32. Did that person ever help you out with any day to day things, like shopping, taking medicines, driving you places, getting dressed, and that type of thing?",
emotional_person_help_2cat_f,"SR_32. Did that person ever help you out with any day to day things, like shopping, taking medicines, driving you places, getting dressed, and that type of thing?",
emotional_person_no_live,SR_33. Would you be able to live on your own if that person no longer lived with you?,
emotional_person_no_live_2cat,SR_33. Would you be able to live on your own if that person no longer lived with you?,
emotional_person_no_live_2cat_f,SR_33. Would you be able to live on your own if that person no longer lived with you?,
physical_hit,"SR_34a. Has anyone ever hit you with their hand or object, slapped you, or threatened you with a weapon?",
physical_hit_2cat,"SR_34a. Has anyone ever hit you with their hand or object, slapped you, or threatened you with a weapon?",
physical_hit_2cat_f,"SR_34a. Has anyone ever hit you with their hand or object, slapped you, or threatened you with a weapon?",
physical_hit_times,SR_34b. About how many times has this happened to you in your lifetime?,
physical_hit_times_5cat,SR_34b. About how many times has this happened to you in your lifetime?,
physical_hit_times_5cat_f,SR_34b. About how many times has this happened to you in your lifetime?,
physical_hit_age,How old were you when this happened (most recently)? (Question used in older version of the follow-up interview.),
physical_restrain,"SR_35a. Has anyone ever tried to restrain you by holding you down, tying you up, or locking you in your room or house?",
physical_restrain_2cat,"SR_35a. Has anyone ever tried to restrain you by holding you down, tying you up, or locking you in your room or house?",
physical_restrain_2cat_f,"SR_35a. Has anyone ever tried to restrain you by holding you down, tying you up, or locking you in your room or house?",
physical_restrain_times,SR_35b. About how many times has this happened to you in your lifetime?,
physical_restrain_times_5cat,SR_35b. About how many times has this happened to you in your lifetime?,
physical_restrain_times_5cat_f,SR_35b. About how many times has this happened to you in your lifetime?,
physical_restrain_age,How old were you when this happened (most recently)? (Question used in older version of the follow-up interview.),
physical_hurt,"SR_36a. Has anyone ever physically hurt you so that you suffered some degree of injury, including cuts, bruises, or other marks?",
physical_hurt_2cat,"SR_36a. Has anyone ever physically hurt you so that you suffered some degree of injury, including cuts, bruises, or other marks?",
physical_hurt_2cat_f,"SR_36a. Has anyone ever physically hurt you so that you suffered some degree of injury, including cuts, bruises, or other marks?",
physical_hurt_times,SR_36b. About how many times has this happened to you in your lifetime?,
physical_hurt_times_5cat,SR_36b. About how many times has this happened to you in your lifetime?,
physical_hurt_times_5cat_f,SR_36b. About how many times has this happened to you in your lifetime?,
physical_hurt_age,How old were you when this happened (most recently)? (Question used in older version of the follow-up interview.),
physical_incident_60,(Did this/Have any of these) incidents (happen/happened) since you were 60 years old? (Question used in older version of the follow-up interview until 06/18/2020.),
physical_incident_60_2cat,(Did this/Have any of these) incidents (happen/happened) since you were 60 years old? (Question used in older version of the follow-up interview until 06/18/20.),
physical_incident_60_2cat_f,(Did this/Have any of these) incidents (happen/happened) since you were 60 years old? (Question used in older version of the follow-up interview until 06/18/2020.),
physical_incident_reported,"Thinking about the most recent incident where someone physically mistreated you, was this incident reported to the police or other authorities? (Question used in older version of the follow-up interview until 06/18/2020.)",
physical_incident_reported_2cat,"Thinking about the most recent incident where someone physically mistreated you, was this incident reported to the police or other authorities? (Question used in older version of the follow-up interview until 06/18/2020.)",
physical_incident_reported_2cat_f,"Thinking about the most recent incident where someone physically mistreated you, was this incident reported to the police or other authorities? (Question used in older version of the follow-up interview until 06/18/2020.)",
physical_incident_person,"Thinking about the most recent incident, was the person(s) who physically mistreated you someone you have seen before? (Question used in older version of the follow-up interview until 06/18/2020.)",
physical_person_stranger,Dummy variable derived from physical_person for value of 'A stranger' as response to the question - What was that person's (those persons') relationship to you (MULTIPLE RECORD)? (Question used in older version of the follow-up interview until 06/18/2020.),
physical_person_spouse,Dummy variable derived from physical_person for value of 'A spouse or partner' as response to the question - What was that person's (those persons') relationship to you (MULTIPLE RECORD)? (Question used in older version of the follow-up interview until 06/18/2020.),
physical_person_ex_partner,Dummy variable derived from physical_person for value of 'An ex spouse or partner' as response to the question - What was that person's (those persons') relationship to you (MULTIPLE RECORD)? (Question used in older version of the follow-up interview until 06/18/2020.),
physical_person_parent,Dummy variable derived from physical_person for value of 'A parent or step-parent' as response to the question - What was that person's (those persons') relationship to you (MULTIPLE RECORD)? (Question used in older version of the follow-up interview until 06/18/2020.),
physical_person_sibling,Dummy variable derived from physical_person for value of 'A brother or sister' as response to the question - What was that person's (those persons') relationship to you (MULTIPLE RECORD)? (Question used in older version of the follow-up interview until 06/18/2020.),
physical_person_child,Dummy variable derived from physical_person for value of 'A son or daughter' as response to the question - What was that person's (those persons') relationship to you (MULTIPLE RECORD)? (Question used in older version of the follow-up interview until 06/18/2020.),
physical_person_other_relative,Dummy variable derived from physical_person for value of 'Another relative' as response to the question - What was that person's (those persons') relationship to you (MULTIPLE RECORD)? (Question used in older version of the follow-up interview until 06/18/2020.),
physical_person_coworker,Dummy variable derived from physical_person for value of 'A coworker' as response to the question - What was that person's (those persons') relationship to you (MULTIPLE RECORD)? (Question used in older version of the follow-up interview until 06/18/2020.),
physical_person_neighbor,Dummy variable derived from physical_person for value of 'A neighbor' as response to the question - What was that person's (those persons') relationship to you (MULTIPLE RECORD)? (Question used in older version of the follow-up interview until 06/18/2020.),
physical_person_friend,Dummy variable derived from physical_person for value of 'A friend' as response to the question - What was that person's (those persons') relationship to you (MULTIPLE RECORD)? (Question used in older version of the follow-up interview until 06/18/2020.),
physical_person_non_relative,Dummy variable derived from physical_person for value of 'Some other non-relative' as response to the question - What was that person's (those persons') relationship to you (MULTIPLE RECORD)? (Question used in older version of the follow-up interview until 06/18/2020.),
physical_person_dont_know,Dummy variable derived from physical_person for value of 'Don't know' as response to the question - What was that person's (those persons') relationship to you (MULTIPLE RECORD)? (Question used in older version of the follow-up interview until 06/18/2020.),
physical_person_refused,Dummy variable derived from physical_person for value of 'Refused' as response to the question - What was that person's (those persons') relationship to you (MULTIPLE RECORD)? (Question used in older version of the follow-up interview until 06/18/2020.),
physical_incident_person_2cat,"Thinking about the most recent incident, was the person(s) who physically mistreated you someone you have seen before? (Question used in older version of the follow-up interview until 6/18/2020.)",
physical_incident_person_2cat_f,"Thinking about the most recent incident, was the person(s) who physically mistreated you someone you have seen before? (Question used in older version of the follow-up interview until 06/18/2020.)",
physical_person,What was that person's (those persons') relationship to you (MULTIPLE RECORD)? (Question used in older version of the follow-up interview until 06/18/2020.),
physical_person_live,"Did that person live with you at the time of the incident, or does (he/she) live with you now? (Question used in older version of the follow-up interview until 06/18/2020.)",
physical_person_live_2cat,"Did that person live with you at the time of the incident, or does (he/she) live with you now? (Question used in older version of the follow-up interview until 06/18/2020.)",
physical_person_live_2cat_f,"Did that person live with you at the time of the incident, or does (he/she) live with you now? (Question used in older version of the follow-up interview until 06/18/2020.)",
physical_person_alcohol,SR_42. Did that person have a problem with alcohol or drugs at the time when these things happened?,
physical_person_alcohol_2cat,SR_42. Did that person have a problem with alcohol or drugs at the time when these things happened?,
physical_person_alcohol_2cat_f,SR_42. Did that person have a problem with alcohol or drugs at the time when these things happened?,
physical_person_counseling,SR_43. Has that person ever received inpatient or outpatient counseling for emotional problems?,
physical_person_counseling_2cat,SR_43. Has that person ever received inpatient or outpatient counseling for emotional problems?,
physical_person_counseling_2cat_f,SR_43. Has that person ever received inpatient or outpatient counseling for emotional problems?,
physical_person_police,SR_44. Has that person ever been in trouble with the police?,
physical_person_police_2cat,SR_44. Has that person ever been in trouble with the police?,
physical_person_police_2cat_f,SR_44. Has that person ever been in trouble with the police?,
physical_person_job,SR_45. Did that person have a job at the time when these things happened?,
physical_person_job_2cat,SR_45. Did that person have a job at the time when these things happened?,
physical_person_job_2cat_f,SR_45. Did that person have a job at the time when these things happened?,
physical_person_friends,SR_46. How many friends did that person have at the time when these things happened? Would you say…,
physical_person_friends_4cat,SR_46. How many friends did that person have at the time when these things happened? Would you say…,
physical_person_friends_4cat_f,SR_46. How many friends did that person have at the time when these things happened? Would you say…,
physical_person_help,"SR_47. Did that person ever help you out with any day to day things, like shopping, taking medicines, driving you places, getting dressed, and that type of thing?",
physical_person_help_2cat,"SR_47. Did that person ever help you out with any day to day things, like shopping, taking medicines, driving you places, getting dressed, and that type of thing?",
physical_person_help_2cat_f,"SR_47. Did that person ever help you out with any day to day things, like shopping, taking medicines, driving you places, getting dressed, and that type of thing?",
physical_person_no_live,SR_48. Would you be able to live on your own if that person no longer lived with you?,
physical_person_no_live_2cat,SR_48. Would you be able to live on your own if that person no longer lived with you?,
physical_person_no_live_2cat_f,SR_48. Would you be able to live on your own if that person no longer lived with you?,
sexual_harm,"SR_49a. Regardless of how long ago it happened or who made the advances, has anyone ever made you have sex or oral sex by using force or threatening to harm you or someone close to you?",
sexual_harm_2cat,"SR_49a. Regardless of how long ago it happened or who made the advances, has anyone ever made you have sex or oral sex by using force or threatening to harm you or someone close to you?",
sexual_harm_2cat_f,"SR_49a. Regardless of how long ago it happened or who made the advances, has anyone ever made you have sex or oral sex by using force or threatening to harm you or someone close to you?",
sexual_harm_times,SR_49b. About how many times has this happened to you in your lifetime?,
sexual_harm_times_5cat,SR_49b. About how many times has this happened to you in your lifetime?,
sexual_harm_times_5cat_f,SR_49b. About how many times has this happened to you in your lifetime?,
sexual_harm_age,How old were you when this happened (most recently)? (Question used in older version of the follow-up interview.),
sexual_touched,SR_50a. Females- Has anyone ever touched your breasts or pubic area or made you touch his penis by using force or threat of force? Males - Has anyone ever touched your pubic area or made you touch their pubic area by using force or threat of force?,
sexual_touched_2cat,SR_50a. Females - Has anyone ever touched your breasts or pubic area or made you touch his penis by using force or threat of force? Males - Has anyone ever touched your pubic area or made you touch their pubic area by using force or threat of force?,
sexual_touched_2cat_f,SR_50a. Females- Has anyone ever touched your breasts or pubic area or made you touch his penis by using force or threat of force? Males - Has anyone ever touched your pubic area or made you touch their pubic area by using force or threat of force?,
sexual_touched_times,SR_50b. About how many times has this happened to you in your lifetime?,
sexual_touched_times_5cat,SR_50b. About how many times has this happened to you in your lifetime?,
sexual_touched_times_5cat_f,SR_50b. About how many times has this happened to you in your lifetime?,
sexual_touched_age,How old were you when this happened (most recently)? (Question used in older version of the follow-up interview.),
sexual_forced,SR_51a. Females- Has anyone ever forced you to undress or expose your breasts or pubic area when you didn’t want to? Males- Has anyone ever forced you to undress or expose your pubic area when you didn’t want to?,
sexual_forced_2cat,SR_51a. Females - Has anyone ever forced you to undress or expose your breasts or pubic area when you didn’t want to? Males- Has anyone ever forced you to undress or expose your pubic area when you didn’t want to?,
sexual_forced_2cat_f,SR_51a. Females- Has anyone ever forced you to undress or expose your breasts or pubic area when you didn’t want to? Males- Has anyone ever forced you to undress or expose your pubic area when you didn’t want to?,
sexual_forced_times,SR_51b. About how many times has this happened to you in your lifetime?,
sexual_forced_times_5cat,SR_51b. About how many times has this happened to you in your lifetime?,
sexual_forced_times_5cat_f,SR_51b. About how many times has this happened to you in your lifetime?,
sexual_forced_age,How old were you when this happened (most recently)? (Question used in older version of the follow-up interview.),
sexual_picture,SR_52a. Has anyone ever taken a picture of you with your clothes partially or completely taken off when you didn’t want them to?,
sexual_picture_2cat,SR_52a. Has anyone ever taken a picture of you with your clothes partially or completely taken off when you didn’t want them to?,
sexual_picture_2cat_f,SR_52a. Has anyone ever taken a picture of you with your clothes partially or completely taken off when you didn’t want them to?,
sexual_picture_times,SR_52b. About how many times has this happened to you in your lifetime?,
sexual_picture_times_5cat,SR_52b. About how many times has this happened to you in your lifetime?,
sexual_picture_times_5cat_f,SR_52b. About how many times has this happened to you in your lifetime?,
sexual_picture_age,How old were you when this happened (most recently)? (Question used in older version of the follow-up interview.),
sexual_incident_60,(Did this/Have any of these) incidents (happen/happened) since you were 60 years old? (Question used in older version of the follow-up interview until 06/09/2020.),
sexual_incident_60_2cat,(Did this/Have any of these) incidents (happen/happened) since you were 60 years old?(Question used in older version of the follow-up interview until 06/09/2020.),
sexual_incident_60_2cat_f,(Did this/Have any of these) incidents (happen/happened) since you were 60 years old? (Question used in older version of the follow-up interview until 06/09/2020.),
sexual_incident_reported,"Thinking about the most recent incident where someone sexually mistreated you, was this incident reported to the police or other authorities? (Question used in older version of the follow-up interview until 06/18/2020.)",
sexual_incident_reported_2cat,"Thinking about the most recent incident where someone sexually mistreated you, was this incident reported to the police or other authorities? (Question used in older version of the follow-up interview until 06/18/2020.)",
sexual_incident_reported_2cat_f,"Thinking about the most recent incident where someone sexually mistreated you, was this incident reported to the police or other authorities? (Question used in older version of the follow-up interview until 06/18/2020.)",
sexual_incident_person,"Thinking about the most recent incident, was the person(s) who sexually mistreated you someone you have seen before? (Question used in older version of the follow-up interview until 06/18/2020.)",
sexual_person_stranger,Dummy variable derived from sexual_person for value of 'A stranger' as response to the question - What was that person's (those persons') relationship to you (MULTIPLE RECORD)? (Question used in older version of the follow-up interview until 06/18/2020.),
sexual_person_spouse,Dummy variable derived from sexual_person for value of 'A spouse or partner' as response to the question - What was that person's (those persons') relationship to you (MULTIPLE RECORD)? (Question used in older version of the follow-up interview until 06/18/2020.),
sexual_person_ex_partner,Dummy variable derived from sexual_person for value of 'An ex spouse or partner' as response to the question - What was that person's (those persons') relationship to you (MULTIPLE RECORD)? (Question used in older version of the follow-up interview until 06/18/2020.),
sexual_person_parent,Dummy variable derived from sexual_person for value of 'A parent or step-parent' as response to the question - What was that person's (those persons') relationship to you (MULTIPLE RECORD)? (Question used in older version of the follow-up interview until 06/18/2020.),
sexual_person_sibling,Dummy variable derived from sexual_person for value of 'A brother or sister' as response to the question - What was that person's (those persons') relationship to you (MULTIPLE RECORD)? (Question used in older version of the follow-up interview until 06/18/2020.),
sexual_person_child,Dummy variable derived from sexual_person for value of 'A son or daughter' as response to the question - What was that person's (those persons') relationship to you (MULTIPLE RECORD)? (Question used in older version of the follow-up interview until 06/18/2020.),
sexual_person_other_relative,Dummy variable derived from sexual_person for value of 'Another relative' as response to the question - What was that person's (those persons') relationship to you (MULTIPLE RECORD)? (Question used in older version of the follow-up interview until 06/18/2020.),
sexual_person_coworker,Dummy variable derived from sexual_person for value of 'A coworker' as response to the question - What was that person's (those persons') relationship to you (MULTIPLE RECORD)? (Question used in older version of the follow-up interview until 06/18/2020.),
sexual_person_neighbor,Dummy variable derived from sexual_person for value of 'A neighbor' as response to the question - What was that person's (those persons') relationship to you (MULTIPLE RECORD)? (Question used in older version of the follow-up interview until 06/18/2020.),
sexual_person_friend,Dummy variable derived from sexual_person for value of 'A friend' as response to the question - What was that person's (those persons') relationship to you (MULTIPLE RECORD)? (Question used in older version of the follow-up interview until 06/18/2020.),
sexual_person_non_relative,Dummy variable derived from sexual_person for value of 'Some other non-relative' as response to the question - What was that person's (those persons') relationship to you (MULTIPLE RECORD)? (Question used in older version of the follow-up interview until 06/18/2020.),
sexual_person_dont_know,Dummy variable derived from sexual_person for value of 'Don't know' as response to the question - What was that person's (those persons') relationship to you (MULTIPLE RECORD)? (Question used in older version of the follow-up interview until 06/18/2020.),
sexual_person_refused,Dummy variable derived from sexual_person for value of 'Refused' as response to the question - What was that person's (those persons') relationship to you (MULTIPLE RECORD)? (Question used in older version of the follow-up interview until 06/18/2020.),
sexual_incident_person_2cat,"Thinking about the most recent incident, was the person(s) who sexually mistreated you someone you have seen before? (Question used in older version of the follow-up interview until 06/18/2020.)",
sexual_incident_person_2cat_f,"Thinking about the most recent incident, was the person(s) who sexually mistreated you someone you have seen before? (Question used in older version of the follow-up interview until 06/18/2020.)",
sexual_person,What was that person's (those persons') relationship to you (MULTIPLE RECORD)? (Question used in older version of the follow-up interview until 06/18/2020.),
sexual_person_live,"Did that person live with you at the time of the incident, or does (he/she) live with you now? (Question used in older version of the follow-up interview until 06/18/2020.)",
sexual_person_live_2cat,"Did that person live with you at the time of the incident, or does (he/she) live with you now? (Question used in older version of the follow-up interview until 06/18/2020.)",
sexual_person_live_2cat_f,"Did that person live with you at the time of the incident, or does (he/she) live with you now? (Question used in older version of the follow-up interview until 06/18/2020.)",
sexual_person_alcohol,SR_58. Did that person have a problem with alcohol or drugs at the time when these things happened?,
sexual_person_alcohol_2cat,SR_58. Did that person have a problem with alcohol or drugs at the time when these things happened?,
sexual_person_alcohol_2cat_f,SR_58. Did that person have a problem with alcohol or drugs at the time when these things happened?,
sexual_person_counseling,SR_59. Has that person ever received inpatient or outpatient counseling for emotional problems?,
sexual_person_counseling_2cat,SR_59. Has that person ever received inpatient or outpatient counseling for emotional problems?,
sexual_person_counseling_2cat_f,SR_59. Has that person ever received inpatient or outpatient counseling for emotional problems?,
sexual_person_police,SR_60. Has that person ever been in trouble with the police?,
sexual_person_police_2cat,SR_60. Has that person ever been in trouble with the police,
sexual_person_police_2cat_f,SR_60. Has that person ever been in trouble with the police?,
sexual_person_job,SR_61. Did that person have a job at the time when these things happened?,
sexual_person_job_2cat,SR_61. Did that person have a job at the time when these things happened?,
sexual_person_job_2cat_f,SR_61. Did that person have a job at the time when these things happened?,
sexual_person_friends,SR_62. How many friends did that person have at the time when these things happened? Would you say…,
sexual_person_friends_4cat,SR_62. How many friends did that person have at the time when these things happened? Would you say…,
sexual_person_friends_4cat_f,SR_62. How many friends did that person have at the time when these things happened? Would you say…,
sexual_person_help,"SR_63. Did that person ever help you out with any day to day things, like shopping, taking medicines, driving you places, getting dressed, and that type of thing?",
sexual_person_help_2cat,"SR_63. Did that person ever help you out with any day to day things, like shopping, taking medicines, driving you places, getting dressed, and that type of thing?",
sexual_person_help_2cat_f,"SR_63. Did that person ever help you out with any day to day things, like shopping, taking medicines, driving you places, getting dressed, and that type of thing?",
sexual_person_no_live,SR_64. Would you be able to live on your own if that person no longer lived with you?,
sexual_person_no_live_2cat,SR_64. Would you be able to live on your own if that person no longer lived with you?,
sexual_person_no_live_2cat_f,SR_64. Would you be able to live on your own if that person no longer lived with you?,
emotional_yelled_times_times,About how many times has this happened to you in your lifetime? (Question from earlier version of the follow-up interview.),
emotional_yelled_age_years,How old were you when this happened (most recently)? (Question from earlier version of the follow-up interview.),
emotional_embarrassed_times_times,About how many times has this happened to you in your lifetime? (Question from earlier version of the follow-up interview.),
emotional_embarrassed_age_years,How old were you when this happened (most recently)? (Question from earlier version of the follow-up interview.,
emotional_harassed_times_times,About how many times has this happened to you in your lifetime? (Question from earlier version of the follow-up interview.),
emotional_harassed_age_years,How old were you when this happened (most recently)? (Question from earlier version of the follow-up interview.),
emotional_refused_times_times,About how many times has this happened to you in your lifetime? (Question from earlier version of the follow-up interview.),
emotional_refused_age_years,How old were you when this happened (most recently)? (Question from earlier version of the follow-up interview.),
emotional_incident_60,(Did this/Have any of these) incidents (happen/happened) since you were 60 years old? (Question used in older version of the follow-up interview until 06/09/2020.),
emotional_incident_60_2cat,(Did this/Have any of these) incidents (happen/happened) since you were 60 years old? (Question used in older version of the follow-up interview until 6/09/2020.),
emotional_incident_60_2cat_f,(Did this/Have any of these) incidents (happen/happened) since you were 60 years old? (Question used in older version of the follow-up interview until 06/09/2020.),
physical_hit_times_times,About how many times has this happened to you in your lifetime? (Question used in older version of the follow-up interview.),
physical_hit_age_years,How old were you when this happened (most recently)? (Question used in older version of the follow-up interview.),
physical_restrain_times_times,About how many times has this happened to you in your lifetime? (Question from an older version of the follow-up interview.),
physical_restrain_age_years,How old were you when this happened (most recently)? (Question used in older version of the follow-up interview.),
physical_hurt_times_times,About how many times has this happened to you in your lifetime? (Question used in older version of the follow-up interview.),
physical_hurt_age_years,How old were you when this happened (most recently)? (Question from an older version of the follow_up interview.),
sexual_harm_times_times,About how many times has this happened to you in your lifetime? (Question used in older version of the follow-up interview.),
sexual_harm_age_years,How old were you when this happened (most recently)? (Question used in older version of the follow-up interview.),
sexual_touched_times_times,About how many times has this happened to you in your lifetime? (Question used in older version of the follow-up interview.),
sexual_touched_age_years,How old were you when this happened (most recently)? (Question used in older version of the follow-up interview.),
sexual_forced_times_times,About how many times has this happened to you in your lifetime? (Question used in older version of the follow-up interview.),
sexual_forced_age_years,How old were you when this happened (most recently)? (Question used in older version of the follow-up interview.),
sexual_picture_times_times,About how many times has this happened to you in your lifetime? (Question used in older version of the follow-up interview.),
sexual_picture_age_years,How old were you when this happened (most recently)? (Question used in older version of the follow-up interview.),
x_record_month,Month record was created.,
x_record_year,Year record was created.,
x_record_comment,Comments by interviewer.,
finance_stranger_permission_times,About how many times has this happened to you in your lifetime? (Question used in older version of the follow-up interview.),
finance_stranger_permission_times_5cat,About how many times has this happened to you in your lifetime? (Question used in older version of the follow-up interview.),
finance_stranger_permission_times_5cat_f,About how many times has this happened to you in your lifetime? (Question used in older version of the follow-up interview.),
finance_stranger_permission_times_times,About how many times has this happened to you in your lifetime? (Question used in older version of the follow-up interview.),
finance_stranger_permission_age,How old were you when this happened (most recently)? (Question used in older version of the follow-up interview.),
finance_stranger_permission_age_years,How old were you when this happened (most recently)? (Question used in older version of the follow-up interview.),
finance_stranger_forged_times,About how many times has this happened to you in your lifetime? (Question used in older version of the follow-up interview.),
finance_stranger_forged_times_5cat,About how many times has this happened to you in your lifetime? (Question used in older version of the follow-up interview.),
finance_stranger_forged_times_5cat_f,About how many times has this happened to you in your lifetime? (Question used in older version of the follow-up interview.),
finance_stranger_forged_times_times,About how many times has this happened to you in your lifetime? (Question used in older version of the follow-up interview.),
finance_stranger_forged_age,How old were you when this happened (most recently)? (Question used in older version of the follow-up interview.),
finance_stranger_forged_age_years,How old were you when this happened (most recently)? (Question used in older version of the follow-up interview.),
finance_stranger_tricked_times,About how many times has this happened to you in your lifetime? (Question used in older version of the follow-up interview.),
finance_stranger_tricked_times_5cat,About how many times has this happened to you in your lifetime? (Question used in older version of the follow-up interview.),
finance_stranger_tricked_times_5cat_f,About how many times has this happened to you in your lifetime? (Question used in older version of the follow-up interview.),
finance_stranger_tricked_times_times,About how many times has this happened to you in your lifetime? (Question used in older version of the follow-up interview.),
finance_stranger_tricked_age,How old were you when this happened (most recently)? (Question used in older version of the follow-up interview.),
finance_stranger_tricked_age_years,How old were you when this happened (most recently)? (Question used in older version of the follow-up interview.),
xc_case_id,Calculated by the database from the last 5 characters of the MedstarID.,
fear_afraid,FNW_1. What do you worry most about right now?,
fear_afraid_response,FNW_1. What do you worry most about right now? [open ended],
fear_future,FNW_2. What is your greatest fear for your future?,
fear_future_response,FNW_2. What is your greatest fear for your future? [open ended],
fear_grateful,FNW_3. What are you most grateful for right now?,
fear_grateful_response,FNW_3. What are you most grateful for right now? [open ended],
fear_forward,FNW_4. What are you most looking forward to for your future?,
fear_forward_response,FNW_4. What are you most looking forward to for your future? [open ended],
fear_important,FNW_5. What is the single most important thing that someone outside of your friends and family could do to benefit your quality of life right now?,
fear_important_response,FNW_5. What is the single most important thing that someone outside of your friends and family could do to benefit your quality of life right now? [open ended],
xc_emotional_list,Calculated comma-separated list of the selected emotional mistreatment that the participant reported; used internally by the database to display a customized follow-up question to the participant,
xc_physical_list,Calculated comma-separated list of the selected physical mistreatment that the participant reported; used internally by the database to display a customized follow-up question to the participant.,
xc_sexual_list,Calculated comma-separated list of the selected sexual mistreatment that the participant reported; used internally by the database to display a customized follow-up question to the participant,
finance_person_permission_65,SR_10a. Were you age 65 or older the last time that person spent your money or sold your property without your permission?,
finance_person_permission_65_2cat,SR_10a. Were you age 65 or older the last time that person spent your money or sold your property without your permission?,
finance_person_permission_65_2cat_f,SR_10a. Were you age 65 or older the last time that person spent your money or sold your property without your permission?,
finance_person_permission_last_time,SR_10b. When was the last time that person spent your money or sold your property without your permission?,
finance_person_permission_last_time_6cat,SR_10b. When was the last time that person spent your money or sold your property without your permission?,
finance_person_permission_last_time_6cat_f,SR_10b. When was the last time that person spent your money or sold your property without your permission?,
finance_person_forged_65,SR_13a. Were you age 65 or older the last time that person forged your signature without your permission in order to sell your property or to get money from your accounts?,
finance_person_forged_65_2cat,SR_13a. Were you age 65 or older the last time that person forged your signature without your permission in order to sell your property or to get money from your accounts?,
finance_person_forged_65_2cat_f,SR_13a. Were you age 65 or older the last time that person forged your signature without your permission in order to sell your property or to get money from your accounts?,
finance_person_forged_last_time,SR_13b. When was the last time that person forged your signature without your permission in order to sell your property or to get money from your accounts?,
finance_person_forged_last_time_6cat,SR_13b. When was the last time that person forged your signature without your permission in order to sell your property or to get money from your accounts?,
finance_person_forged_last_time_6cat_f,SR_13b. When was the last time that person forged your signature without your permission in order to sell your property or to get money from your accounts?,
finance_person_tricked_65,SR_14a. Were you age 65 or older the last time that person forced or tricked you into signing a document so that they would be able to get some of your money or possessions?,
finance_person_tricked_65_2cat,SR_14a. Were you age 65 or older the last time that person forced or tricked you into signing a document so that they would be able to get some of your money or possessions?,
finance_person_tricked_65_2cat_f,SR_14a. Were you age 65 or older the last time that person forced or tricked you into signing a document so that they would be able to get some of your money or possessions?,
finance_person_tricked_last_time,SR_14b. When was the last time that person forced or tricked you into signing a document so that they would be able to get some of your money or possessions?,
finance_person_tricked_last_time_6cat,SR_14b. When was the last time that person forced or tricked you into signing a document so that they would be able to get some of your money or possessions?,
finance_person_tricked_last_time_6cat_f,SR_14b. When was the last time that person forced or tricked you into signing a document so that they would be able to get some of your money or possessions?,
finance_person_stolen_65,"SR_15a. Were you age 65 or older the last time that person stole your money or took your things for themselves, their friends, or to sell?",
finance_person_stolen_65_2cat,"SR_15a. Were you age 65 or older the last time that person stole your money or took your things for themselves, their friends, or to sell?",
finance_person_stolen_65_2cat_f,"SR_15a. Were you age 65 or older the last time that person stole your money or took your things for themselves, their friends, or to sell?",
finance_person_stolen_last_time,"SR_15b. When was the last time that person stole your money or took your things for themselves, their friends, or to sell?",
finance_person_stolen_last_time_6cat,"SR_15b. When was the last time that person stole your money or took your things for themselves, their friends, or to sell?",
finance_person_stolen_last_time_6cat_f,"SR_15b. When was the last time that person stole your money or took your things for themselves, their friends, or to sell?",
finance_stranger_permission_65,SR_16a. Were you age 65 or older the last time a stranger spent your money or sold your property without your permission?,
finance_stranger_permission_65_2cat,SR_16a. Were you age 65 or older the last time a stranger spent your money or sold your property without your permission?,
finance_stranger_permission_65_2cat_f,SR_16a. Were you age 65 or older the last time a stranger spent your money or sold your property without your permission?,
finance_stranger_permission_last_time,SR_16b. When was the last time a stranger spent your money or sold your property without your permission?,
finance_stranger_permission_last_time_6cat,SR_16b. When was the last time a stranger spent your money or sold your property without your permission?,
finance_stranger_permission_last_time_6cat_f,SR_16b. When was the last time a stranger spent your money or sold your property without your permission?,
finance_stranger_forged_65,SR_17a. Were you age 65 or older the last time a stranger forged your signature in order to get some of your money or sell your property?,
finance_stranger_forged_65_2cat,SR_17a. Were you age 65 or older the last time a stranger forged your signature in order to get some of your money or sell your property?,
finance_stranger_forged_65_2cat_f,SR_17a. Were you age 65 or older the last time a stranger forged your signature in order to get some of your money or sell your property?,
finance_stranger_forged_last_time,SR_17b. When was the last time a stranger forged your signature in order to get some of your money or sell your property?,
finance_stranger_forged_last_time_6cat,SR_17b. When was the last time a stranger forged your signature in order to get some of your money or sell your property?,
finance_stranger_forged_last_time_6cat_f,SR_17b. When was the last time a stranger forged your signature in order to get some of your money or sell your property?,
finance_stranger_tricked_65,SR_18a. Were you age 65 or older the last time a stranger forced or tricked you into signing a document so that they would be able to get some of your money or possessions?,
finance_stranger_tricked_65_2cat,SR_18a. Were you age 65 or older the last time a stranger forced or tricked you into signing a document so that they would be able to get some of your money or possessions?,
finance_stranger_tricked_65_2cat_f,SR_18a. Were you age 65 or older the last time a stranger forced or tricked you into signing a document so that they would be able to get some of your money or possessions?,
finance_stranger_tricked_last_time,SR_18b. When was the last time a stranger forced or tricked you into signing a document so that they would be able to get some of your money or possessions?,
finance_stranger_tricked_last_time_6cat,SR_18b. When was the last time a stranger forced or tricked you into signing a document so that they would be able to get some of your money or possessions?,
finance_stranger_tricked_last_time_6cat_f,SR_18b. When was the last time a stranger forced or tricked you into signing a document so that they would be able to get some of your money or possessions?,
emotional_yelled_65,SR_19c. Were you age 65 or older the last time (most recent time) this happened?,
emotional_yelled_65_2cat,SR_19c. Were you age 65 or older the last time (most recent time) this happened?,
emotional_yelled_65_2cat_f,SR_19c. Were you age 65 or older the last time (most recent time) this happened?,
emotional_yelled_last_time,SR_19d. How long ago was the last time (most recent time) this happened?,
emotional_yelled_last_time_6cat,SR_19d. How long ago was the last time (most recent time) this happened?,
emotional_yelled_last_time_6cat_f,SR_19d. How long ago was the last time (most recent time) this happened?,
emotional_embarrassed_65,SR_20c. Were you age 65 or older the last time (most recent time) this happened?,
emotional_embarrassed_65_2cat,SR_20c. Were you age 65 or older the last time (most recent time) this happened?,
emotional_embarrassed_65_2cat_f,SR_20c. Were you age 65 or older the last time (most recent time) this happened?,
emotional_embarrassed_last_time,SR_20d. How long ago was the last time (most recent time) this happened?,
emotional_embarrassed_last_time_6cat,SR_20d. How long ago was the last time (most recent time) this happened?,
emotional_embarrassed_last_time_6cat_f,SR_20d. How long ago was the last time (most recent time) this happened?,
emotional_harassed_65,SR_21c. Were you age 65 or older the last time (most recent time) this happened?,
emotional_harassed_65_2cat,SR_21c. Were you age 65 or older the last time (most recent time) this happened?,
emotional_harassed_65_2cat_f,SR_21c. Were you age 65 or older the last time (most recent time) this happened?,
emotional_harassed_last_time,SR_21d. How long ago was the last time (most recent time) this happened?,
emotional_harassed_last_time_6cat,SR_21d. How long ago was the last time (most recent time) this happened?,
emotional_harassed_last_time_6cat_f,SR_21d. How long ago was the last time (most recent time) this happened?,
emotional_refused_65,SR_22c. Were you age 65 or older the last time (most recent time) this happened?,
emotional_refused_65_2cat,SR_22c. Were you age 65 or older the last time (most recent time) this happened?,
emotional_refused_65_2cat_f,SR_22c. Were you age 65 or older the last time (most recent time) this happened?,
emotional_refused_last_time,SR_22d. How long ago was the last time (most recent time) this happened?,
emotional_refused_last_time_6cat,SR_22d. How long ago was the last time (most recent time) this happened?,
emotional_refused_last_time_6cat_f,SR_22d. How long ago was the last time (most recent time) this happened?,
emotional_incident_reported_v2,SR_24.  Did you or anyone else report what happened to the police or other authorities?,
emotional_incident_reported_v2_2cat,SR_24.  Did you or anyone else report what happened to the police or other authorities?,
emotional_incident_reported_v2_2cat_f,SR_24.  Did you or anyone else report what happened to the police or other authorities?,
emotional_incident_person_v2,"SR_25. What was your relationship to the person, or people, who treated you this way? (MULTIPLE RECORD)",
emotional_person_stranger_v2,emotional_person_stranger_v2,
emotional_person_spouse_v2,"Dummy variable derived from emotional_incident_person_v2 for value of 'A spouse or partner' as response to the question - SR_25. What was your relationship to the person, or people, who treated you this way? (MULTIPLE RECORD)",
emotional_person_ex_partner_v2,"Dummy variable derived from emotional_incident_person_v2 for value of 'An ex spouse or partner' as response to the question - SR_25. What was your relationship to the person, or people, who treated you this way? (MULTIPLE RECORD)",
emotional_person_parent_v2,"Dummy variable derived from emotional_incident_person_v2 for value of 'A parent or step-parent' as response to the question - SR_25. What was your relationship to the person, or people, who treated you this way? (MULTIPLE RECORD)",
emotional_person_sibling_v2,"Dummy variable derived from emotional_incident_person_v2 for value of 'A brother or sister' as response to the question - SR_25. What was your relationship to the person, or people, who treated you this way? (MULTIPLE RECORD)",
emotional_person_child_v2,"Dummy variable derived from emotional_incident_person_v2 for value of 'A son or daughter' as response to the question - SR_25. What was your relationship to the person, or people, who treated you this way? (MULTIPLE RECORD)",
emotional_person_other_relative_v2,"Dummy variable derived from emotional_incident_person_v2 for value of 'Another relative' as response to the question - SR_25. What was your relationship to the person, or people, who treated you this way? (MULTIPLE RECORD)",
emotional_person_coworker_v2,"Dummy variable derived from emotional_incident_person_v2 for value of 'A coworker' as response to the question - SR_25. What was your relationship to the person, or people, who treated you this way? (MULTIPLE RECORD)",
emotional_person_neighbor_v2,"Dummy variable derived from emotional_incident_person_v2 for value of 'A neighbor' as response to the question - SR_25. What was your relationship to the person, or people, who treated you this way? (MULTIPLE RECORD)",
emotional_person_friend_v2,"Dummy variable derived from emotional_incident_person_v2 for value of 'A friend' as response to the question - SR_25. What was your relationship to the person, or people, who treated you this way? (MULTIPLE RECORD)",
emotional_person_non_relative_v2,"Dummy variable derived from emotional_incident_person_v2 for value of 'Some other non-relative' as response to the question - SR_25. What was your relationship to the person, or people, who treated you this way? (MULTIPLE RECORD)",
emotional_person_dont_know_v2,"Dummy variable derived from emotional_incident_person_v2 for value of 'Don't know' as response to the question - SR_25. What was your relationship to the person, or people, who treated you this way? (MULTIPLE RECORD)",
emotional_person_refused_v2,"Dummy variable derived from emotional_incident_person_v2 for value of 'Refused' as response to the question - SR_25. What was your relationship to the person, or people, who treated you this way? (MULTIPLE RECORD)",
emotional_person_live_then,SR_26a. Did that person (any of those people) live with you when these things happened?,
emotional_person_live_then_2cat,SR_26a. Did that person (any of those people) live with you when these things happened?,
emotional_person_live_then_2cat_f,SR_26a. Did that person (any of those people) live with you when these things happened?,
emotional_person_live_now,SR_26b. Does that person (any of those people) live with you now?,
emotional_person_live_now_2cat,SR_26b. Does that person (any of those people) live with you now?,
emotional_person_live_now_2cat_f,SR_26b. Does that person (any of those people) live with you now?,
physical_hit_65,SR_34c. Were you age 65 or older the last time (most recent time) this happened?,
physical_hit_65_2cat,SR_34c. Were you age 65 or older the last time (most recent time) this happened?,
physical_hit_65_2cat_f,SR_34c. Were you age 65 or older the last time (most recent time) this happened?,
physical_hit_last_time,SR_34d. How long ago was the last time (most recent time) this happened?,
physical_hit_last_time_6cat,SR_34d. How long ago was the last time (most recent time) this happened?,
physical_hit_last_time_6cat_f,SR_34d. How long ago was the last time (most recent time) this happened?,
physical_restrain_65,SR_35c. Were you age 65 or older the last time (most recent time) this happened?,
physical_restrain_65_2cat,SR_35c. Were you age 65 or older the last time (most recent time) this happened?,
physical_restrain_65_2cat_f,SR_35c. Were you age 65 or older the last time (most recent time) this happened?,
physical_restrain_last_time,SR_35d. How long ago was the last time (most recent time) this happened?,
physical_restrain_last_time_6cat,SR_35d. How long ago was the last time (most recent time) this happened?,
physical_restrain_last_time_6cat_f,SR_35d. How long ago was the last time (most recent time) this happened?,
physical_hurt_65,SR_36c. Were you age 65 or older the last time (most recent time) this happened?,
physical_hurt_65_2cat,SR_36c. Were you age 65 or older the last time (most recent time) this happened?,
physical_hurt_65_2cat_f,SR_36c. Were you age 65 or older the last time (most recent time) this happened?,
physical_hurt_last_time,SR_36d. How long ago was the last time (most recent time) this happened?,
physical_hurt_last_time_6cat,SR_36d. How long ago was the last time (most recent time) this happened?,
physical_hurt_last_time_6cat_f,SR_36d. How long ago was the last time (most recent time) this happened?,
physical_incident_reported_v2,SR_38. Did you or anyone else report what happened to the police or other authorities?,
physical_incident_reported_v2_2cat,SR_38. Did you or anyone else report what happened to the police or other authorities?,
physical_incident_reported_v2_2cat_f,SR_38. Did you or anyone else report what happened to the police or other authorities?,
physical_incident_person_v2,"SR_40. What was your relationship to the person, or people, who treated you this way? (MULTIPLE RECORD)",
physical_person_stranger_v2,"Dummy variable derived from physical_incident_person_v2 for value of 'A stranger' as response to the question - SR_40. What was your relationship to the person, or people, who treated you this way? (MULTIPLE RECORD)",
physical_person_spouse_v2,"Dummy variable derived from physical_incident_person_v2 for value of 'A spouse or partner' as response to the question - SR_40. What was your relationship to the person, or people, who treated you this way? (MULTIPLE RECORD)",
physical_person_ex_partner_v2,"Dummy variable derived from physical_incident_person_v2 for value of 'An ex spouse or partner' as response to the question - SR_40. What was your relationship to the person, or people, who treated you this way? (MULTIPLE RECORD)",
physical_person_parent_v2,"Dummy variable derived from physical_incident_person_v2 for value of 'A parent or step-parent' as response to the question - SR_40. What was your relationship to the person, or people, who treated you this way? (MULTIPLE RECORD)",
physical_person_sibling_v2,"Dummy variable derived from physical_incident_person_v2 for value of 'A brother or sister' as response to the question - SR_40. What was your relationship to the person, or people, who treated you this way? (MULTIPLE RECORD)",
physical_person_child_v2,"Dummy variable derived from physical_incident_person_v2 for value of 'A son or daughter' as response to the question - SR_40. What was your relationship to the person, or people, who treated you this way? (MULTIPLE RECORD)",
physical_person_other_relative_v2,"Dummy variable derived from physical_incident_person_v2 for value of 'Another relative' as response to the question - SR_40. What was your relationship to the person, or people, who treated you this way? (MULTIPLE RECORD)",
physical_person_coworker_v2,"Dummy variable derived from physical_incident_person_v2 for value of 'A coworker' as response to the question - SR_40. What was your relationship to the person, or people, who treated you this way? (MULTIPLE RECORD)",
physical_person_neighbor_v2,"Dummy variable derived from physical_incident_person_v2 for value of 'A neighbor' as response to the question - SR_40. What was your relationship to the person, or people, who treated you this way? (MULTIPLE RECORD)",
physical_person_friend_v2,"Dummy variable derived from physical_incident_person_v2 for value of 'A friend' as response to the question - SR_40. What was your relationship to the person, or people, who treated you this way? (MULTIPLE RECORD)",
physical_person_non_relative_v2,"Dummy variable derived from physical_incident_person_v2 for value of 'Some other non-relative' as response to the question - SR_40. What was your relationship to the person, or people, who treated you this way? (MULTIPLE RECORD)",
physical_person_dont_know_v2,"Dummy variable derived from physical_incident_person_v2 for value of 'Don't know' as response to the question - SR_40. What was your relationship to the person, or people, who treated you this way? (MULTIPLE RECORD)",
physical_person_refused_v2,"Dummy variable derived from physical_incident_person_v2 for value of 'Refused' as response to the question - SR_40. What was your relationship to the person, or people, who treated you this way? (MULTIPLE RECORD)",
physical_person_live_then,SR_41a. Did that person (any of those people) live with you when these things happened?,
physical_person_live_then_2cat,SR_41a. Did that person (any of those people) live with you when these things happened?,
physical_person_live_then_2cat_f,SR_41a. Did that person (any of those people) live with you when these things happened?,
physical_person_live_now,SR_41b. Does that person (any of those people) live with you now?,
physical_person_live_now_2cat,SR_41b. Does that person (any of those people) live with you now?,
physical_person_live_now_2cat_f,SR_41b. Does that person (any of those people) live with you now?,
sexual_harm_65,SR_49c. Were you age 65 or older the last time (most recent time) this happened?,
sexual_harm_65_2cat,SR_49c. Were you age 65 or older the last time (most recent time) this happened?,
sexual_harm_65_2cat_f,SR_49c. Were you age 65 or older the last time (most recent time) this happened?,
sexual_harm_last_time,SR_49d. How long ago was the last time (most recent time) this happened?,
sexual_harm_last_time_6cat,SR_49d. How long ago was the last time (most recent time) this happened?,
sexual_harm_last_time_6cat_f,SR_49d. How long ago was the last time (most recent time) this happened?,
sexual_touched_65,SR_50c. Were you age 65 or older the last time (most recent time) this happened?,
sexual_touched_65_2cat,SR_50c. Were you age 65 or older the last time (most recent time) this happened?,
sexual_touched_65_2cat_f,SR_50c. Were you age 65 or older the last time (most recent time) this happened?,
sexual_touched_last_time,SR_50d. How long ago was the last time (most recent time) this happened?,
sexual_touched_last_time_6cat,SR_50d. How long ago was the last time (most recent time) this happened?,
sexual_touched_last_time_6cat_f,SR_50d. How long ago was the last time (most recent time) this happened?,
sexual_forced_65,SR_51c. Were you age 65 or older the last time (most recent time) this happened?,
sexual_forced_65_2cat,SR_51c. Were you age 65 or older the last time (most recent time) this happened?,
sexual_forced_65_2cat_f,SR_51c. Were you age 65 or older the last time (most recent time) this happened?,
sexual_forced_last_time,SR_51d. How long ago was the last time (most recent time) this happened?,
sexual_forced_last_time_6cat,SR_51d. How long ago was the last time (most recent time) this happened?,
sexual_forced_last_time_6cat_f,SR_51d. How long ago was the last time (most recent time) this happened?,
sexual_picture_65,SR_52c. Were you age 65 or older the last time (most recent time) this happened?,
sexual_picture_65_2cat,SR_52c. Were you age 65 or older the last time (most recent time) this happened?,
sexual_picture_65_2cat_f,SR_52c. Were you age 65 or older the last time (most recent time) this happened?,
sexual_picture_last_time,SR_52d. How long ago was the last time (most recent time) this happened?,
sexual_picture_last_time_6cat,SR_52d. How long ago was the last time (most recent time) this happened?,
sexual_picture_last_time_6cat_f,SR_52d. How long ago was the last time (most recent time) this happened?,
sexual_incident_reported_v2,SR_54. Did you or anyone else report what happened to the police or other authorities?,
sexual_incident_reported_v2_2cat,SR_54. Did you or anyone else report what happened to the police or other authorities?,
sexual_incident_reported_v2_2cat_f,SR_54. Did you or anyone else report what happened to the police or other authorities?,
sexual_incident_person_v2,"SR_56. What was your relationship to the person, or people, who treated you this way? (MULTIPLE RECORD)",
sexual_person_stranger_v2,"Dummy variable derived from sexual_incident_person_v2 for value of 'A stranger' as response to the question - SR_56. What was your relationship to the person, or people, who treated you this way? (MULTIPLE RECORD)",
sexual_person_spouse_v2,"Dummy variable derived from sexual_incident_person_v2 for value of 'A spouse or partner' as response to the question - SR_56. What was your relationship to the person, or people, who treated you this way? (MULTIPLE RECORD)",
sexual_person_ex_partner_v2,"Dummy variable derived from sexual_incident_person_v2 for value of 'An ex spouse or partner' as response to the question - SR_56. What was your relationship to the person, or people, who treated you this way? (MULTIPLE RECORD)",
sexual_person_parent_v2,"Dummy variable derived from sexual_incident_person_v2 for value of 'A parent or step-parent' as response to the question - SR_56. What was your relationship to the person, or people, who treated you this way? (MULTIPLE RECORD)",
sexual_person_sibling_v2,"Dummy variable derived from sexual_incident_person_v2 for value of 'A brother or sister' as response to the question - SR_56. What was your relationship to the person, or people, who treated you this way? (MULTIPLE RECORD)",
sexual_person_child_v2,"Dummy variable derived from sexual_incident_person_v2 for value of 'A son or daughter' as response to the question - SR_56. What was your relationship to the person, or people, who treated you this way? (MULTIPLE RECORD)",
sexual_person_other_relative_v2,"Dummy variable derived from sexual_incident_person_v2 for value of 'Another relative' as response to the question - SR_56. What was your relationship to the person, or people, who treated you this way? (MULTIPLE RECORD)",
sexual_person_coworker_v2,"Dummy variable derived from sexual_incident_person_v2 for value of 'A coworker' as response to the question - SR_56. What was your relationship to the person, or people, who treated you this way? (MULTIPLE RECORD)",
sexual_person_neighbor_v2,"Dummy variable derived from sexual_incident_person_v2 for value of 'A neighbor' as response to the question - SR_56. What was your relationship to the person, or people, who treated you this way? (MULTIPLE RECORD)",
sexual_person_friend_v2,"Dummy variable derived from sexual_incident_person_v2 for value of 'A friend' as response to the question - SR_56. What was your relationship to the person, or people, who treated you this way? (MULTIPLE RECORD)",
sexual_person_non_relative_v2,"Dummy variable derived from sexual_incident_person_v2 for value of 'Some other non-relative' as response to the question - SR_56. What was your relationship to the person, or people, who treated you this way? (MULTIPLE RECORD)",
sexual_person_dont_know_v2,"Dummy variable derived from sexual_incident_person_v2 for value of 'Don't know' as response to the question - SR_56. What was your relationship to the person, or people, who treated you this way? (MULTIPLE RECORD)",
sexual_person_refused_v2,"Dummy variable derived from sexual_incident_person_v2 for value of 'Refused' as response to the question - SR_56. What was your relationship to the person, or people, who treated you this way? (MULTIPLE RECORD)",
sexual_person_live_then,SR_57a. Did that person (any of those people) live with you when these things happened?,
sexual_person_live_then_2cat,SR_57a. Did that person (any of those people) live with you when these things happened?,
sexual_person_live_then_2cat_f,SR_57a. Did that person (any of those people) live with you when these things happened?,
sexual_person_live_now,SR_57b. Does that person (any of those people) live with you now?,
sexual_person_live_now_2cat,SR_57b. Does that person (any of those people) live with you now?,
sexual_person_live_now_2cat_f,SR_57b. Does that person (any of those people) live with you now?,
report_private,"SR_98 [Please don’t read — just complete on your own]. Was another person (e.g., caregivers, family members, friends, etc.) present when completing THIS SECTION (Self-Report Injury, Violence, Neglect, & Exploitation) of the interview?",
report_private_4cat,"SR_98 [Please don’t read — just complete on your own]. Was another person (e.g., caregivers, family members, friends, etc.) present when completing THIS SECTION (Self-Report Injury, Violence, Neglect, & Exploitation) of the interview?",
report_private_4cat_f,"SR_98 [Please don’t read — just complete on your own]. Was another person (e.g., caregivers, family members, friends, etc.) present when completing THIS SECTION (Self-Report Injury, Violence, Neglect, & Exploitation) of the interview?",
report_influence,"SR_99 [Please don’t read — just complete on your own]. Did you get the impression that the presence of other people (e.g., caregivers, family members, friends, etc.) may have affected the answers given by the patient during THIS SECTION (Self-Report Injury, Violence, Neglect, & Exploitation) of the interview?",
report_influence_2cat,"SR_99 [Please don’t read — just complete on your own]. Did you get the impression that the presence of other people (e.g., caregivers, family members, friends, etc.) may have affected the answers given by the patient during THIS SECTION (Self-Report Injury, Violence, Neglect, & Exploitation) of the interview?",
report_influence_2cat_f,"SR_99 [Please don’t read — just complete on your own]. Did you get the impression that the presence of other people (e.g., caregivers, family members, friends, etc.) may have affected the answers given by the patient during THIS SECTION (Self-Report Injury, Violence, Neglect, & Exploitation) of the interview?",
xc_lead_panel_summary_count,"Calculated count of positive abuse instances across SelfReport, ApsInvestigations, and ObservationalMeasures.",
